AoA,CL,CD
-5.0,-0.3154,0.09255
-4.5,-0.2881,0.08638
-4.0,-0.2248,0.0776
