AoA,CL,CD
-5.0,-0.1969,0.10098
-4.5,-0.2076,0.10087
-4.0,-0.2416,0.10238
-3.5,-0.2028,0.09055
-2.0,-0.1946,0.08012
-1.5,-0.1167,0.0783
-1.0,-0.0848,0.07269
0.0,0.0933,0.06555
0.5,0.2095,0.06158
1.0,0.382,0.0552
1.5,0.3232,0.05854
2.0,0.3907,0.06273
2.5,0.4718,0.0556
3.5,0.5642,0.05963
4.5,0.6652,0.06328
5.0,0.6831,0.06653
5.5,0.7612,0.06701
6.0,0.7603,0.07111
6.5,0.8585,0.07028
7.0,0.8519,0.07467
8.0,0.9503,0.07711
9.0,0.9684,0.08632
9.5,1.0402,0.08469
10.0,1.0411,0.09041
10.5,1.1469,0.08353
