AoA,CL,CD
-5.0,-0.3341,0.08436
-4.5,-0.3611,0.08087
-4.0,-0.3602,0.07493
-3.5,-0.3247,0.06752
-3.0,-0.2733,0.05962
-2.5,-0.2042,0.05262
-2.0,-0.1433,0.0472
-1.5,-0.0709,0.04186
-1.0,-0.0527,0.03607
