AoA,CL,CD
-5.0,-0.2901,0.07935
-4.5,-0.3717,0.08003
-4.0,-0.3581,0.07243
-3.5,-0.3102,0.06382
-3.0,-0.2374,0.05484
-2.5,-0.1657,0.04763
-2.0,-0.0922,0.04234
-1.5,-0.0265,0.03843
-1.0,0.0088,0.03285
