AoA,CL,CD
-5.0,-0.048,0.05701
-4.0,-0.2976,0.0686
-3.0,-0.2057,0.04806
-2.5,-0.1349,0.04238
-2.0,-0.0676,0.03751
-1.5,-0.0017,0.03439
-1.0,0.0658,0.02965
