AoA,CL,CD
-5.0,-0.1165,0.12257
-4.5,-0.0917,0.12681
-4.0,-0.0294,0.11029
-3.5,0.0097,0.10589
-3.0,0.0483,0.09985
-2.0,0.1296,0.09008
-1.5,0.2367,0.08098
-1.0,0.2265,0.07785
-0.5,0.3814,0.06643
0.0,0.557,0.05669
0.5,1.0701,0.03522
1.0,1.0986,0.03741
1.5,1.2029,0.03757
2.0,1.2181,0.04127
2.5,1.2629,0.0437
3.0,1.3158,0.04543
3.5,1.0323,0.07855
4.0,0.9972,0.09151
4.5,0.9999,0.10086
5.0,1.0218,0.1067
6.0,0.8927,0.13124
7.0,0.9918,0.14466
