AoA,CL,CD
-5.0,0.0796,0.09904
-4.5,0.075,0.0977
-4.0,0.0649,0.09773
-3.5,0.0482,0.09856
-3.0,0.0295,0.10015
-2.5,0.0121,0.10169
-2.0,-0.0017,0.10239
-1.5,-0.0134,0.1027
-1.0,-0.023,0.10272
-0.5,-0.0313,0.10233
0.0,-0.0384,0.10192
0.5,-0.06,0.10126
1.0,-0.129,0.10076
1.5,-0.1964,0.10019
2.0,-0.2697,0.09958
2.5,-0.3151,0.09782
3.0,-0.1721,0.10004
3.5,0.0697,0.10154
4.0,0.21,0.10382
4.5,0.3491,0.10911
5.0,0.4313,0.11265
